标题,标题链接,time-update
มีหนักกว่าสเปอร์ส! เผยจำนวนวันที่ทีม พรีเมียร์ลีก ห่างเหินจากแชมป์,https://www.siamsport.co.th/football/premierleague/view/257484,5 ชั่วโมง ที่แล้ว
"""วาร์ดี้"" พลาดโทษ! เลสเตอร์เศร้าไล่เจ๊าสปาร์ตักยังมีหวังลุ้นเข้ารอบศึก ยูโรปา",https://www.siamsport.co.th/football/kingpower/view/257492,5 ชั่วโมง ที่แล้ว
คอนเต้เปิดตัวซิวชัย! สเปอร์สแซงวิเทสส์ขึ้นรองฝูงกลุ่ม-แดงว่อน3ใบ,https://www.siamsport.co.th/football/conference-league/view/257488,5 ชั่วโมง ที่แล้ว
เกมวัดใจโซลชา! ผ่า 5 แผนทางเลือกแมนยูบดแข้งแมนซิตี้,https://www.siamsport.co.th/football/premierleague/view/257480,6 ชั่วโมง ที่แล้ว
สิ้นสุดการรอคอย! ฮาวจ่อเซ็นคุมนิวคาสเซิ่ลสองปีครึ่ง,https://www.siamsport.co.th/football/premierleague/view/257486,6 ชั่วโมง ที่แล้ว
"กุนซือของแสลง ""ซีอาร์ 7"" ! เปิดสถิติ โรนัลโด้ เมื่อต้องพบกับทีมที่ เป๊ป กุมบังเหียน",https://www.siamsport.co.th/football/premierleague/view/257478,6 ชั่วโมง ที่แล้ว
งานนี้ต้องฉลอง! บาร์ซ่าจ่อตั้งชาบีกุนซือใหม่ศุกร์นี้,https://www.siamsport.co.th/football/laliga/view/257476,8 ชั่วโมง ที่แล้ว
ทางการ!ชาโลบาห์ขยายสัญญาเชลซีถึงปี2026,https://www.siamsport.co.th/football/premierleague/view/257472,9 ชั่วโมง ที่แล้ว
มีเงินอย่างเดียวไม่พอ!ซีดานไม่แยแสคุมนิวฯเล็งแมนยูหรือฝรั่งเศส,https://www.siamsport.co.th/football/premierleague/view/257470,9 ชั่วโมง ที่แล้ว
อย่ามาหลอนกันเลย!อดีตแข้งดัตช์โพสต์หยอกแรงชื่อลูกฟานเดอเบ็ค,https://www.siamsport.co.th/football/premierleague/view/257464,10 ชั่วโมง ที่แล้ว
มีเงินอย่างเดียวไม่พอ!ซีดานไม่แยแสคุมนิวฯเล็งแมนยูหรือฝรั่งเศส,https://www.siamsport.co.th/football/premierleague/view/257470,9 ชั่วโมง ที่แล้ว
อย่ามาหลอนกันเลย!อดีตแข้งดัตช์โพสต์หยอกแรงชื่อลูกฟานเดอเบ็ค,https://www.siamsport.co.th/football/premierleague/view/257464,10 ชั่วโมง ที่แล้ว
ไม่ใช่วิสัยทัศน์! สื่อปูดความจริงเอเมรี่เมินคุมนิวคาสเซิ่ล,https://www.siamsport.co.th/football/premierleague/view/257450,13 ชั่วโมง ที่แล้ว
กินแห้วอีกมั้ย? นิวคาสเซิ่ลหันทาบฮาวนั่งเก้าอี้กุนซือ,https://www.siamsport.co.th/football/premierleague/view/257448,13 ชั่วโมง ที่แล้ว
ซานโช่หลุด!อังกฤษเปิดโผนักเตะคัดบอลโลก,https://www.siamsport.co.th/football/national/view/257445,14 ชั่วโมง ที่แล้ว
